{
    "R_base_cam": [
        [
            -0.9894215604942458,
            0.05142088438132363,
            -0.13564980014203729
        ],
        [
            -0.14414498745594295,
            -0.24311247230477104,
            0.959228100297937
        ],
        [
            0.01634619896055803,
            0.9686342026065902,
            0.2479527844575205
        ]
    ],
    "t_base_cam": [
        0.4344804983062368,
        -1.105734089380112,
        0.8342281989526169
    ],
    "R_base_tag": [
        [
            0.8984322139411866,
            -0.3249970338895909,
            -0.2952905093559667
        ],
        [
            0.36412674408615997,
            0.17555374056409262,
            0.9146543600809912
        ],
        [
            -0.24542060058998794,
            -0.9292781134498563,
            0.27606324758853074
        ]
    ],
    "t_base_tag": [
        0.6663379888281362,
        -1.7828601304168663,
        0.7816956189254034
    ]
}