{
    "camera_matrix": [
        [
            572.3909775306515,
            0.0,
            722.7302923683417
        ],
        [
            0.0,
            556.5263641832476,
            205.7908607536537
        ],
        [
            0.0,
            0.0,
            1.0
        ]
    ],
    "distortion_coeffs": [
        [
            0.0039037058119167772,
            -0.004496764780368177,
            -0.00132383847359616,
            -0.0036359240728999122,
            -0.002531392522815381
        ]
    ],
    "reprojection_error": 0.5343505867671176
}